title,content
The fight for land justice in Zimbabwe,The president announced new reforms in education.
Sports Update,The national team won their qualifying match.
Tech Innovation,A new AI model is transforming healthcare.
Tournament update,The local team won their championship match yesterday.
Belarus reform developments,The Brewing technologist announced reforms regarding foreign relations.
Barrett Group reports expansion,The economic reacted positively to the report.
Research on cancer,Scientists have discovered new treatments regarding disease prevention.
"Robertson, Porter and Smith announces expansion",The financial reacted positively to the news.
Howard-Rosario launches new blockchain platform,A new device is transforming healthcare with its advanced capabilities.
New study on COVID,Scientists have discovered new treatments regarding public health.
Lane Group announces new blockchain platform,A new software is transforming finance with its innovative capabilities.
Knapp-Combs develops new blockchain platform,A new AI model is transforming healthcare with its innovative capabilities.
Research on COVID,Scientists have discovered important findings regarding patient care.
Jonathan Stanton wins new film,The actor shared future projects with fans.
Berger-Baker announces new blockchain system,A new device is transforming healthcare with its groundbreaking capabilities.
Match results,The college team lost their qualifying match last night.
Gregory Lopez releases album,The actor announced future projects with fans.
Hopkins LLC reveals merger,The economic remained stable to the report.
Serrano-Stevens announces new quantum platform,A new software is transforming education with its groundbreaking capabilities.
Heard Island and McDonald Islands summit news,The Printmaker announced legislation regarding education.
Tournament results,The local team won their qualifying match yesterday.
Bradley-West reveals expansion,The economic remained stable to the report.
Reynolds-Miller announces new blockchain technology,A new AI model is transforming finance with its groundbreaking capabilities.
Johnson Ltd develops new AI technology,A new software is transforming finance with its groundbreaking capabilities.
Chavez Inc launches new AI system,A new AI model is transforming healthcare with its groundbreaking capabilities.
Ukraine reform update,The Database administrator announced new policies regarding foreign relations.
United States Minor Outlying Islands protest developments,The Higher education lecturer announced new policies regarding foreign relations.
Knapp Ltd launches new quantum platform,A new AI model is transforming finance with its innovative capabilities.
Rangel-Hooper reveals merger,The economic reacted positively to the announcement.
Medical breakthrough on mental health,Scientists have discovered important findings regarding patient care.
Connie Buckley wins album,The artist announced future projects with fans.
"Johnson, Obrien and Grant announces earnings",The economic showed volatility to the report.
Christina Moreno wins album,The celebrity announced personal updates with fans.
Cory Bullock releases album,The artist announced exciting news with fans.
"Miller, Peters and Giles launches new blockchain technology",A new AI model is transforming education with its innovative capabilities.
New study on cancer,Scientists have discovered critical data regarding disease prevention.
Libyan Arab Jamahiriya reform developments,The Conference centre manager announced reforms regarding foreign relations.
Tournament update,The college team lost their qualifying match today.
Game highlights,The college team lost their championship match today.
"Weber, Long and Vargas launches new blockchain technology",A new software is transforming healthcare with its groundbreaking capabilities.
Angola election news,The Advertising account executive announced legislation regarding taxation.
Medical breakthrough on cancer,Scientists have discovered critical data regarding public health.
Research on mental health,Scientists have discovered important findings regarding disease prevention.
Match update,The local team won their qualifying match today.
"Ruiz, Hardy and Rodriguez reveals merger",The economic showed volatility to the news.
Swaziland summit update,The Restaurant manager announced reforms regarding education.
"Burnett, Humphrey and Franco reveals merger",The economic reacted positively to the report.
Medical breakthrough on cancer,Scientists have discovered critical data regarding disease prevention.
Tournament update,The local team won their qualifying match last night.
Jennifer Little nominated for award,The celebrity announced personal updates with fans.
Pitcairn Islands protest update,The Quarry manager announced legislation regarding taxation.
New study on COVID,Scientists have discovered important findings regarding public health.
Ashley Benson nominated for award,The artist announced future projects with fans.
"Young, Bentley and Ellis reports earnings",The financial showed volatility to the news.
Research on COVID,Scientists have discovered critical data regarding public health.
Oman summit update,The Operations geologist announced new policies regarding education.
Israel protest update,The Arts administrator announced new policies regarding taxation.
Rhodes and Sons reveals expansion,The stock market reacted positively to the announcement.
"Krause, Ramirez and Foster reveals expansion",The stock market remained stable to the report.
Kazakhstan election update,The Psychotherapist announced reforms regarding foreign relations.
Doris Burnett wins album,The celebrity revealed future projects with fans.
New study on cancer,Scientists have discovered critical data regarding patient care.
Turner-Jones reports earnings,The stock market remained stable to the announcement.
Moore Group reports merger,The stock market remained stable to the news.
Lindsey King releases award,The artist revealed personal updates with fans.
New study on COVID,Scientists have discovered new treatments regarding public health.
Tournament update,The national team won their friendly match yesterday.
New study on cancer,Scientists have discovered important findings regarding patient care.
French Guiana protest developments,The Medical illustrator announced reforms regarding foreign relations.
Bangladesh election update,The Oceanographer announced legislation regarding taxation.
Brooke Garcia wins new film,The artist shared exciting news with fans.
Tournament update,The national team lost their qualifying match today.
"Johnson, Jones and Hooper launches new quantum technology",A new AI model is transforming healthcare with its advanced capabilities.
Medical breakthrough on COVID,Scientists have discovered important findings regarding disease prevention.
Timothy Cook releases award,The celebrity shared exciting news with fans.
New study on COVID,Scientists have discovered critical data regarding disease prevention.
Tournament update,The local team won their friendly match last night.
Myanmar reform update,The Trade union research officer announced legislation regarding taxation.
Porter Inc announces merger,The financial remained stable to the report.
Rodriguez and Sons reveals expansion,The stock market remained stable to the report.
Research on mental health,Scientists have discovered new treatments regarding patient care.
Medical breakthrough on mental health,Scientists have discovered critical data regarding patient care.
Christopher Robinson wins award,The celebrity shared future projects with fans.
Game highlights,The local team won their qualifying match today.
Smith-Padilla reveals merger,The financial remained stable to the news.
Gross-Livingston announces expansion,The stock market showed volatility to the news.
Tajikistan reform update,The Homeopath announced legislation regarding foreign relations.
Match highlights,The college team won their friendly match yesterday.
Russian Federation protest news,The Information officer announced reforms regarding foreign relations.
Ethan Adkins wins new film,The actor shared personal updates with fans.
Medical breakthrough on mental health,Scientists have discovered important findings regarding public health.
Saint Helena election news,"The Surveyor, insurance announced new policies regarding foreign relations."
Wendy Brewer wins award,The actor revealed exciting news with fans.
"Williams, Davis and Williams announces new blockchain technology",A new software is transforming healthcare with its advanced capabilities.
Andre Parker nominated for new film,The actor shared personal updates with fans.
Libyan Arab Jamahiriya election update,The Production manager announced new policies regarding education.
Match results,The college team lost their friendly match today.
Martinez-Conrad reveals earnings,The economic remained stable to the news.
Victor Patterson wins new film,The actor revealed future projects with fans.
American Samoa protest news,The Film/video editor announced legislation regarding foreign relations.
Guerrero-Bell announces new blockchain system,A new device is transforming healthcare with its advanced capabilities.
Tournament highlights,The local team won their qualifying match last night.
Hines-Gonzalez announces expansion,The economic reacted positively to the report.
